<layer-list xmlns:android="http://schemas.android.com/apk/res/android">
    <item android:id="@android:id/background">
        <shape>
            <corners android:radius="10dp" />

            <solid android:color="#00ffffff" />

            <stroke
                android:width="1dp"
                android:color="#fff" />
        </shape>
    </item>
    <item android:id="@android:id/secondaryProgress">
        <scale android:scaleWidth="100%"
            android:drawable="@drawable/corner" />
    </item>
    <item android:id="@android:id/progress">
        <scale android:scaleWidth="100%"
            android:drawable="@drawable/corner" />
    </item>
</layer-list>